date,ticker,prev_close,actual_cc_excess,sp_ret,pred_naive,pred_ridge,pred_ridge_huber,pred_lasso,pred_lgbm,expanding_mean,actual_price,pred_price_lgbm,price_error_lgbm
2024-09-17,AAPL,216.3200,0.001908,0.000265,0.000590,0.003744,-0.000797,0.000590,-0.000751,0.000590,216.7900,216.2149,-0.5751
2024-09-17,AMZN,184.8900,0.010499,0.000265,0.000590,0.001442,0.002183,0.000590,-0.002020,0.000590,186.8800,184.5653,-2.3147
2024-09-17,GOOGL,158.0600,0.007707,0.000265,0.000590,0.003232,0.001454,0.000590,0.000803,0.000590,159.3200,158.2288,-1.0912
2024-09-17,META,533.2800,0.005436,0.000265,0.000590,0.003872,0.002709,0.000590,-0.000987,0.000590,536.3200,532.8946,-3.4254
2024-09-17,MSFT,431.3400,0.008568,0.000265,0.000590,0.000617,0.001564,0.000590,0.000295,0.000590,435.1500,431.5812,-3.5688
2024-09-17,NVDA,116.7800,-0.010455,0.000265,0.000590,0.005911,0.005158,0.000590,-0.004211,0.000590,115.5900,116.3191,0.7291
2024-09-17,TSLA,226.7800,0.004542,0.000265,0.000590,-0.000336,-0.000583,0.000590,-0.007701,0.000590,227.8700,225.0936,-2.7764
2024-09-18,AAPL,216.7900,0.020886,-0.002896,0.000571,0.001192,-0.000357,0.000590,-0.000656,0.000571,220.6900,216.0200,-4.6700
2024-09-18,AMZN,186.8800,0.000488,-0.002896,0.000571,-0.000620,0.001254,0.000590,-0.001590,0.000571,186.4300,186.0415,-0.3885
2024-09-18,GOOGL,159.3200,0.005972,-0.002896,0.000571,0.000376,-0.000153,0.000590,-0.002745,0.000571,159.8100,158.4212,-1.3888
2024-09-18,META,536.3200,0.005936,-0.002896,0.000571,0.002014,0.002055,0.000590,-0.002752,0.000571,537.9500,533.2904,-4.6596
2024-09-18,MSFT,435.1500,-0.007077,-0.002896,0.000571,0.000524,0.000682,0.000590,-0.001808,0.000571,430.8100,433.1029,2.2929
2024-09-18,NVDA,115.5900,-0.016309,-0.002896,0.000571,0.001338,0.003449,0.000590,-0.005422,0.000571,113.3700,114.6285,1.2585
2024-09-18,TSLA,227.8700,-0.000044,-0.002896,0.000571,0.001611,-0.000140,0.000590,-0.001716,0.000571,227.2000,226.8189,-0.3811
2024-09-19,AAPL,220.6900,0.020089,0.016977,0.000512,-0.001335,-0.001058,0.000590,-0.001844,0.000512,228.8700,224.0296,-4.8404
2024-09-19,AMZN,186.4300,0.001475,0.016977,0.000512,-0.000038,-0.000024,0.000590,-0.001484,0.000512,189.8700,189.3183,-0.5517
2024-09-19,GOOGL,159.8100,-0.002397,0.016977,0.000512,-0.000728,-0.001480,0.000590,-0.002012,0.000512,162.1400,162.2015,0.0615
2024-09-19,META,537.9500,0.022339,0.016977,0.000512,0.002503,0.002046,0.000590,-0.000845,0.000512,559.1000,546.6280,-12.4720
2024-09-19,MSFT,430.8100,0.001314,0.016977,0.000512,0.001487,0.000823,0.000590,-0.000550,0.000512,438.6900,437.8869,-0.8031
2024-09-19,NVDA,113.3700,0.022716,0.016977,0.000512,0.003162,0.004564,0.000590,0.000328,0.000512,117.8700,115.3319,-2.5381
2024-09-19,TSLA,227.2000,0.056615,0.016977,0.000512,0.000356,-0.001615,0.000590,0.009164,0.000512,243.9200,233.1392,-10.7808
2024-09-20,AAPL,228.8700,-0.000986,-0.001941,0.000535,0.005240,0.003403,0.000590,0.002894,0.000535,228.2000,229.0880,0.8880
2024-09-20,AMZN,189.8700,0.011053,-0.001941,0.000535,0.003121,0.002262,0.000590,0.002772,0.000535,191.6000,190.0278,-1.5722
2024-09-20,GOOGL,162.1400,0.010884,-0.001941,0.000535,0.001794,0.001325,0.000590,0.000902,0.000535,163.5900,161.9715,-1.6185
2024-09-20,META,559.1000,0.005965,-0.001941,0.000535,0.003348,0.002131,0.000590,-0.000010,0.000535,561.3500,558.0093,-3.3407
2024-09-20,MSFT,438.6900,-0.005855,-0.001941,0.000535,0.001674,0.000619,0.000590,0.001843,0.000535,435.2700,438.6470,3.3770
2024-09-20,NVDA,117.8700,-0.013924,-0.001941,0.000535,0.003458,0.002548,0.000590,0.011691,0.000535,116.0000,119.0192,3.0192
2024-09-20,TSLA,243.9200,-0.021304,-0.001941,0.000535,-0.002564,-0.006834,0.000590,0.005745,0.000535,238.2500,244.8480,6.5980
2024-09-23,AAPL,228.2000,-0.010390,0.002809,0.000541,0.007800,0.001119,0.000590,-0.005142,0.000541,226.4700,227.6676,1.1976
2024-09-23,AMZN,191.6000,0.009091,0.002809,0.000541,-0.000114,-0.002680,0.000590,-0.001552,0.000541,193.8800,191.8410,-2.0390
2024-09-23,GOOGL,163.5900,-0.013446,0.002809,0.000541,-0.001570,-0.003435,0.000590,-0.001322,0.000541,161.8500,163.8333,1.9833
2024-09-23,META,561.3500,0.002642,0.002809,0.000541,0.000437,-0.001152,0.000590,-0.006872,0.000541,564.4100,559.0693,-5.3407
2024-09-23,MSFT,435.2700,-0.006853,0.002809,0.000541,-0.001570,-0.004920,0.000590,-0.006888,0.000541,433.5100,433.4945,-0.0155
2024-09-23,NVDA,116.0000,-0.000568,0.002809,0.000541,0.003613,0.001121,0.000590,-0.003859,0.000541,116.2600,115.8782,-0.3818
2024-09-23,TSLA,238.2500,0.046509,0.002809,0.000541,0.001855,-0.003249,0.000590,-0.000691,0.000541,250.0000,238.7546,-11.2454
2024-09-24,AAPL,226.4700,0.001463,0.002511,0.000651,0.005265,0.004577,0.000590,0.013329,0.000651,227.3700,230.0573,2.6873
2024-09-24,AMZN,193.8800,-0.002098,0.002511,0.000651,0.000868,0.001075,0.000590,-0.001084,0.000651,193.9600,194.1566,0.1966
2024-09-24,GOOGL,161.8500,0.000207,0.002511,0.000651,0.001839,0.001188,0.000590,0.004515,0.000651,162.2900,162.9872,0.6972
2024-09-24,META,564.4100,-0.004425,0.002511,0.000651,0.003637,0.003777,0.000590,0.009513,0.000651,563.3300,571.1964,7.8664
2024-09-24,MSFT,433.5100,-0.012522,0.002511,0.000651,0.001089,0.002213,0.000590,0.005087,0.000651,429.1700,436.8037,7.6337
2024-09-24,NVDA,116.2600,0.037141,0.002511,0.000651,0.004059,0.002186,0.000590,0.015036,0.000651,120.8700,118.3001,-2.5699
2024-09-24,TSLA,250.0000,0.014569,0.002511,0.000651,-0.003649,-0.007173,0.000590,0.007614,0.000651,254.2700,252.5312,-1.7388
2024-09-25,AAPL,227.3700,-0.002537,-0.001861,0.000634,0.002667,0.003391,0.000590,-0.000502,0.000634,226.3700,226.8327,0.4627
2024-09-25,AMZN,193.9600,-0.005512,-0.001861,0.000634,0.003467,0.002520,0.000590,-0.000006,0.000634,192.5300,193.5978,1.0678
2024-09-25,GOOGL,162.2900,-0.003068,-0.001861,0.000634,0.000439,-0.001016,0.000590,0.001993,0.000634,161.4900,162.3114,0.8214
2024-09-25,META,563.3300,0.010701,-0.001861,0.000634,0.003719,0.003302,0.000590,-0.002419,0.000634,568.3100,560.9189,-7.3911
2024-09-25,MSFT,429.1700,0.008712,-0.001861,0.000634,0.001562,0.001214,0.000590,-0.000858,0.000634,432.1100,428.0031,-4.1069
2024-09-25,NVDA,120.8700,0.023703,-0.001861,0.000634,0.000629,-0.001884,0.000590,0.001784,0.000634,123.5100,120.8607,-2.6493
2024-09-25,TSLA,254.2700,0.012676,-0.001861,0.000634,-0.002139,-0.004247,0.000590,0.005565,0.000634,257.0200,255.2117,-1.8083
2024-09-26,AAPL,226.3700,0.001042,0.004039,0.000655,0.000495,0.001722,0.000590,-0.003027,0.000655,227.5200,226.5990,-0.9210
2024-09-26,AMZN,192.5300,-0.011154,0.004039,0.000655,0.000836,0.002996,0.000590,-0.001906,0.000655,191.1600,192.9406,1.7806
2024-09-26,GOOGL,161.4900,0.003640,0.004039,0.000655,-0.001567,-0.001571,0.000590,0.000005,0.000655,162.7300,162.1430,-0.5870
2024-09-26,META,568.3100,-0.004866,0.004039,0.000655,0.000434,0.000233,0.000590,-0.003127,0.000655,567.8400,568.8283,0.9883
2024-09-26,MSFT,432.1100,-0.005890,0.004039,0.000655,-0.000901,0.001976,0.000590,0.004201,0.000655,431.3100,435.6706,4.3606
2024-09-26,NVDA,123.5100,0.000253,0.004039,0.000655,0.001077,0.000470,0.000590,0.006523,0.000655,124.0400,124.8144,0.7744
2024-09-26,TSLA,257.0200,-0.014933,0.004039,0.000655,-0.003293,-0.005229,0.000590,0.004976,0.000655,254.2200,259.3369,5.1169
2024-09-27,AAPL,227.5200,0.002440,-0.001253,0.000682,0.002631,0.003385,0.000590,0.001362,0.000682,227.7900,227.5447,-0.2453
2024-09-27,AMZN,191.1600,-0.015434,-0.001253,0.000682,0.001013,0.003224,0.000590,0.001210,0.000682,187.9700,191.1517,3.1817
2024-09-27,GOOGL,162.7300,0.008750,-0.001253,0.000682,-0.002239,-0.001923,0.000590,-0.000253,0.000682,163.9500,162.4849,-1.4651
2024-09-27,META,567.8400,0.000408,-0.001253,0.000682,0.000969,0.002126,0.000590,-0.000155,0.000682,567.3600,567.0402,-0.3198
2024-09-27,MSFT,431.3100,-0.006375,-0.001253,0.000682,0.000669,0.002564,0.000590,-0.000679,0.000682,428.0200,430.4765,2.4565
2024-09-27,NVDA,124.0400,-0.020030,-0.001253,0.000682,0.006674,0.006854,0.000590,0.003113,0.000682,121.4000,124.2707,2.8707
2024-09-27,TSLA,254.2200,0.025799,-0.001253,0.000682,0.000898,-0.000405,0.000590,0.003402,0.000682,260.4600,254.7663,-5.6936
2024-09-30,AAPL,227.7900,0.018635,0.004237,0.000718,-0.000682,-0.000885,0.000590,-0.000726,0.000718,233.0000,228.5896,-4.4104
2024-09-30,AMZN,187.9700,-0.012961,0.004237,0.000718,0.000651,0.001303,0.000590,-0.002987,0.000718,186.3300,188.2049,1.8749
2024-09-30,GOOGL,163.9500,0.007352,0.004237,0.000718,-0.000376,-0.001158,0.000590,-0.001169,0.000718,165.8500,164.4529,-1.3971
2024-09-30,META,567.3600,0.004717,0.004237,0.000718,0.001610,0.002350,0.000590,-0.001910,0.000718,572.4400,568.6797,-3.7603
2024-09-30,MSFT,428.0200,0.001090,0.004237,0.000718,0.001098,0.001116,0.000590,-0.000004,0.000718,430.3000,429.8317,-0.4682
2024-09-30,NVDA,121.4000,-0.003907,0.004237,0.000718,0.007446,0.007109,0.000590,-0.000536,0.000718,121.4400,121.8492,0.4092
2024-09-30,TSLA,260.4600,0.000256,0.004237,0.000718,-0.008644,-0.007861,0.000590,-0.001270,0.000718,261.6300,261.2326,-0.3974
2024-10-01,AAPL,233.0000,-0.019817,-0.009324,0.000685,-0.000234,-0.002040,0.000590,0.001073,0.000685,226.2100,231.0774,4.8674
2024-10-01,AMZN,186.3300,0.002884,-0.009324,0.000685,0.001098,0.000434,0.000590,0.000572,0.000685,185.1300,184.6992,-0.4308
2024-10-01,GOOGL,165.8500,0.016198,-0.009324,0.000685,0.000419,-0.001726,0.000590,-0.001906,0.000685,166.9900,163.9876,-3.0024
2024-10-01,META,572.4400,0.016364,-0.009324,0.000685,0.001671,0.000443,0.000590,0.002232,0.000685,576.4700,568.3799,-8.0900
2024-10-01,MSFT,430.3000,-0.013009,-0.009324,0.000685,-0.000082,-0.000666,0.000590,0.000832,0.000685,420.6900,426.6460,5.9559
2024-10-01,NVDA,121.4400,-0.027237,-0.009324,0.000685,0.000194,-0.001453,0.000590,-0.005694,0.000685,117.0000,119.6162,2.6162
2024-10-01,TSLA,261.6300,-0.004474,-0.009324,0.000685,-0.001571,-0.004533,0.000590,0.005732,0.000685,258.0200,260.6903,2.6703
2024-10-02,AAPL,226.2100,0.002381,0.000138,0.000677,0.001295,-0.001850,0.000590,0.000700,0.000677,226.7800,226.3997,-0.3803
2024-10-02,AMZN,185.1300,-0.002137,0.000138,0.000677,-0.003081,-0.002454,0.000590,-0.004023,0.000677,184.7600,184.4109,-0.3491
2024-10-02,GOOGL,166.9900,-0.006905,0.000138,0.000677,-0.002257,-0.002680,0.000590,-0.000905,0.000677,165.8600,166.8619,1.0019
2024-10-02,META,576.4700,-0.006487,0.000138,0.000677,-0.002150,-0.001866,0.000590,0.000110,0.000677,572.8100,576.6133,3.8033
2024-10-02,MSFT,420.6900,-0.008601,0.000138,0.000677,-0.001831,-0.001671,0.000590,-0.003351,0.000677,417.1300,419.3387,2.2087
2024-10-02,NVDA,117.0000,0.015674,0.000138,0.000677,-0.000492,0.002355,0.000590,-0.000866,0.000677,118.8500,116.9148,-1.9352
2024-10-02,TSLA,258.0200,-0.035019,0.000138,0.000677,-0.002216,-0.003514,0.000590,0.002771,0.000677,249.0200,258.7706,9.7506
2024-10-03,AAPL,226.7800,-0.003213,-0.001681,0.000686,-0.000672,-0.001423,0.000590,-0.000426,0.000686,225.6700,226.3021,0.6321
2024-10-03,AMZN,184.7600,-0.013473,-0.001681,0.000686,-0.000218,0.001170,0.000590,0.006861,0.000686,181.9600,185.7170,3.7570
2024-10-03,GOOGL,165.8600,0.001681,-0.001681,0.000686,0.000161,0.000099,0.000590,-0.001602,0.000686,165.8600,165.3154,-0.5446
2024-10-03,META,572.8100,0.019069,-0.001681,0.000686,0.001344,0.002285,0.000590,0.000475,0.000686,582.7700,572.1190,-10.6510
2024-10-03,MSFT,417.1300,0.000267,-0.001681,0.000686,-0.000322,0.000176,0.000590,-0.001020,0.000686,416.5400,416.0032,-0.5368
2024-10-03,NVDA,118.8500,0.035337,-0.001681,0.000686,-0.002531,-0.000629,0.000590,0.003542,0.000686,122.8500,119.0712,-3.7788
2024-10-03,TSLA,249.0200,-0.031890,-0.001681,0.000686,0.000166,-0.003960,0.000590,0.009713,0.000686,240.6600,251.0200,10.3600
2024-10-04,AAPL,225.6700,-0.003963,0.008970,0.000656,-0.003265,-0.003059,0.000590,-0.002337,0.000656,226.8000,227.1668,0.3668
2024-10-04,AMZN,181.9600,0.016035,0.008970,0.000656,0.001587,0.001366,0.000590,-0.001837,0.000656,186.5100,183.2581,-3.2519
2024-10-04,GOOGL,165.8600,-0.001735,0.008970,0.000656,-0.000765,-0.001750,0.000590,0.000068,0.000656,167.0600,167.3591,0.2991
2024-10-04,META,582.7700,0.013629,0.008970,0.000656,-0.000155,-0.001686,0.000590,-0.002866,0.000656,595.9400,586.3275,-9.6125
2024-10-04,MSFT,416.5400,-0.010123,0.008970,0.000656,-0.001909,-0.000467,0.000590,-0.000454,0.000656,416.0600,420.0875,4.0275
2024-10-04,NVDA,122.8500,0.007880,0.008970,0.000656,0.001262,-0.000682,0.000590,0.006307,0.000656,124.9200,124.7268,-0.1932
2024-10-04,TSLA,240.6600,0.030172,0.008970,0.000656,-0.000678,-0.002217,0.000590,0.005190,0.000656,250.0800,244.0679,-6.0121
2024-10-07,AAPL,226.8000,-0.012945,-0.009586,0.000616,0.000175,0.000693,0.000590,-0.002112,0.000616,221.6900,224.1470,2.4570
2024-10-07,AMZN,186.5100,-0.021029,-0.009586,0.000616,0.000679,0.001248,0.000590,-0.000469,0.000616,180.8000,184.6346,3.8346
2024-10-07,GOOGL,167.0600,-0.014836,-0.009586,0.000616,-0.002227,-0.000847,0.000590,-0.004583,0.000616,162.9800,164.6929,1.7130
2024-10-07,META,595.9400,-0.009141,-0.009586,0.000616,-0.000843,-0.001423,0.000590,-0.004736,0.000616,584.7800,587.4049,2.6249
2024-10-07,MSFT,416.0600,-0.006085,-0.009586,0.000616,0.000202,-0.000158,0.000590,-0.004099,0.000616,409.5400,410.3661,0.8261
2024-10-07,NVDA,124.9200,0.032000,-0.009586,0.000616,0.001849,0.001138,0.000590,-0.015935,0.000616,127.7200,121.7320,-5.9880
2024-10-07,TSLA,250.0800,-0.027402,-0.009586,0.000616,-0.009468,-0.008886,0.000590,-0.015876,0.000616,240.8300,243.7126,2.8826
2024-10-08,AAPL,221.6900,0.008715,0.009689,0.000619,-0.000742,-0.000490,0.000590,-0.004647,0.000619,225.7700,222.8079,-2.9621
2024-10-08,AMZN,180.8000,0.000930,0.009689,0.000619,-0.000203,-0.000699,0.000590,0.000333,0.000619,182.7200,182.6121,-0.1079
2024-10-08,GOOGL,162.9800,-0.001099,0.009689,0.000619,-0.001796,0.001073,0.000590,0.003318,0.000619,164.3800,165.0999,0.7199
2024-10-08,META,584.7800,0.004179,0.009689,0.000619,0.000361,0.001987,0.000590,0.007073,0.000619,592.8900,594.5824,1.6924
2024-10-08,MSFT,409.5400,0.002935,0.009689,0.000619,-0.001531,-0.000514,0.000590,-0.002012,0.000619,414.7100,412.6840,-2.0259
2024-10-08,NVDA,127.7200,0.030790,0.009689,0.000619,0.002716,0.000457,0.000590,0.010945,0.000619,132.8900,130.3554,-2.5346
2024-10-08,TSLA,240.8300,0.005550,0.009689,0.000619,0.001883,0.002636,0.000590,0.009715,0.000619,244.5000,245.5032,1.0032
2024-10-09,AAPL,225.7700,0.009585,0.007113,0.000660,-0.000885,-0.001496,0.000590,0.002252,0.000660,229.5400,227.8845,-1.6555
2024-10-09,AMZN,182.7200,0.006295,0.007113,0.000660,0.002428,0.001039,0.000590,0.006524,0.000660,185.1700,185.2119,0.0419
2024-10-09,GOOGL,164.3800,-0.022444,0.007113,0.000660,0.000864,-0.000565,0.000590,0.000647,0.000660,161.8600,165.6557,3.7957
2024-10-09,META,592.8900,-0.011128,0.007113,0.000660,0.001653,0.001997,0.000590,0.001612,0.000660,590.5100,598.0632,7.5532
2024-10-09,MSFT,414.7100,-0.000482,0.007113,0.000660,0.000500,-0.000163,0.000590,-0.001537,0.000660,417.4600,417.0224,-0.4376
2024-10-09,NVDA,132.8900,-0.008919,0.007113,0.000660,-0.000820,-0.001090,0.000590,0.006630,0.000660,132.6500,134.7163,2.0663
2024-10-09,TSLA,244.5000,-0.021224,0.007113,0.000660,0.003557,-0.001727,0.000590,0.008913,0.000660,241.0500,248.4183,7.3683
2024-10-10,AAPL,229.5400,-0.000108,-0.002070,0.000605,-0.002483,-0.003426,0.000590,-0.003023,0.000605,229.0400,228.3709,-0.6691
2024-10-10,AMZN,185.1700,0.010063,-0.002070,0.000605,-0.001963,-0.001660,0.000590,-0.001205,0.000605,186.6500,184.5636,-2.0864
2024-10-10,GOOGL,161.8600,0.003429,-0.002070,0.000605,0.000096,-0.002301,0.000590,-0.000327,0.000605,162.0800,161.4720,-0.6080
2024-10-10,META,590.5100,-0.009242,-0.002070,0.000605,0.000798,0.001058,0.000590,-0.003044,0.000605,583.8300,587.4900,3.6600
2024-10-10,MSFT,417.4600,-0.001811,-0.002070,0.000605,0.000040,-0.000146,0.000590,-0.000212,0.000605,415.8400,416.5074,0.6674
2024-10-10,NVDA,132.6500,0.018354,-0.002070,0.000605,0.001598,0.001823,0.000590,-0.005557,0.000605,134.8100,131.6383,-3.1717
2024-10-10,TSLA,241.0500,-0.007389,-0.002070,0.000605,-0.000826,-0.004627,0.000590,-0.002791,0.000605,238.7700,239.8783,1.1083
2024-10-11,AAPL,229.0400,-0.012557,0.006052,0.000646,-0.003089,-0.003474,0.000590,-0.004912,0.000646,227.5500,229.3011,1.7511
2024-10-11,AMZN,186.6500,0.005574,0.006052,0.000646,-0.003034,-0.001859,0.000590,-0.002348,0.000646,188.8200,187.3413,-1.4787
2024-10-11,GOOGL,162.0800,0.001105,0.006052,0.000646,-0.005612,-0.003140,0.000590,-0.006436,0.000646,163.2400,162.0178,-1.2223
2024-10-11,META,583.8300,0.004431,0.006052,0.000646,-0.004124,-0.002234,0.000590,-0.003263,0.000646,589.9500,585.4584,-4.4916
2024-10-11,MSFT,415.8400,-0.004898,0.006052,0.000646,-0.002783,-0.001461,0.000590,-0.004588,0.000646,416.3200,416.4488,0.1288
2024-10-11,NVDA,134.8100,-0.006126,0.006052,0.000646,-0.001537,-0.001501,0.000590,-0.002421,0.000646,134.8000,135.2995,0.4995
2024-10-11,TSLA,238.7700,-0.093877,0.006052,0.000646,-0.005555,-0.006525,0.000590,-0.002142,0.000646,217.8000,239.7036,21.9036
2024-10-14,AAPL,227.5500,0.008772,0.007708,0.000600,0.001389,-0.000734,0.000590,0.000279,0.000600,231.3000,229.3673,-1.9327
2024-10-14,AMZN,188.8200,-0.014487,0.007708,0.000600,0.003391,0.001321,0.000590,-0.002380,0.000600,187.5400,189.8260,2.2860
2024-10-14,GOOGL,163.2400,0.002829,0.007708,0.000600,0.000774,0.000644,0.000590,-0.003140,0.000600,164.9600,163.9856,-0.9744
2024-10-14,META,589.9500,-0.006911,0.007708,0.000600,0.000374,-0.000467,0.000590,0.000171,0.000600,590.4200,594.5979,4.1779
2024-10-14,MSFT,416.3200,-0.000934,0.007708,0.000600,0.002417,0.001366,0.000590,0.001490,0.000600,419.1400,420.1491,1.0091
2024-10-14,NVDA,134.8000,0.016551,0.007708,0.000600,0.000747,0.000036,0.000590,-0.001100,0.000600,138.0700,135.6907,-2.3793
2024-10-14,TSLA,217.8000,-0.001463,0.007708,0.000600,0.006924,-0.001638,0.000590,0.004836,0.000600,219.1600,220.5320,1.3720
2024-10-15,AAPL,231.3000,0.018634,-0.007609,0.000608,-0.000561,-0.001285,0.000590,0.001522,0.000608,233.8500,229.8920,-3.9580
2024-10-15,AMZN,187.5400,0.008409,-0.007609,0.000608,0.003886,0.002848,0.000590,0.000034,0.000608,187.6900,186.1192,-1.5708
2024-10-15,GOOGL,164.9600,0.010640,-0.007609,0.000608,0.002323,0.001105,0.000590,0.005711,0.000608,165.4600,164.6468,-0.8132
2024-10-15,META,590.4200,0.000581,-0.007609,0.000608,0.001859,0.001888,0.000590,-0.001775,0.000608,586.2700,584.8792,-1.3908
2024-10-15,MSFT,419.1400,0.006655,-0.007609,0.000608,0.001694,0.001049,0.000590,-0.003032,0.000608,418.7400,414.6797,-4.0603
2024-10-15,NVDA,138.0700,-0.039251,-0.007609,0.000608,-0.000199,-0.000075,0.000590,-0.003013,0.000608,131.6000,136.6034,5.0034
2024-10-15,TSLA,219.1600,0.009480,-0.007609,0.000608,-0.001426,-0.003619,0.000590,0.008656,0.000608,219.5700,219.3893,-0.1807
2024-10-16,AAPL,233.8500,-0.013531,0.004679,0.000515,-0.003499,-0.003406,0.000515,0.001511,0.000515,231.7800,235.2976,3.5176
2024-10-16,AMZN,187.6900,-0.008941,0.004679,0.000515,-0.004116,-0.003294,0.000515,-0.002297,0.000515,186.8900,188.1371,1.2471
2024-10-16,GOOGL,165.4600,-0.006492,0.004679,0.000515,-0.000009,0.000238,0.000515,0.002335,0.000515,165.1600,166.6206,1.4606
2024-10-16,META,586.2700,-0.020849,0.004679,0.000515,0.000081,0.001173,0.000515,-0.000142,0.000515,576.7900,588.9300,12.1400
2024-10-16,MSFT,418.7400,-0.010936,0.004679,0.000515,-0.001821,-0.001260,0.000515,0.001663,0.000515,416.1200,421.3955,5.2755
2024-10-16,NVDA,131.6000,0.026628,0.004679,0.000515,0.007653,0.009380,0.000515,0.009974,0.000515,135.7200,133.5283,-2.1917
2024-10-16,TSLA,219.5700,0.003337,0.004679,0.000515,-0.008764,-0.003686,0.000515,-0.005413,0.000515,221.3300,219.4089,-1.9211
2024-10-17,AAPL,231.7800,0.001767,-0.000171,0.000515,0.001729,-0.000738,0.000515,0.002696,0.000515,232.1500,232.3652,0.2152
2024-10-17,AMZN,186.8900,0.003596,-0.000171,0.000515,0.000281,-0.000544,0.000515,0.002001,0.000515,187.5300,187.2320,-0.2980
2024-10-17,GOOGL,165.1600,-0.013331,-0.000171,0.000515,0.001229,-0.000357,0.000515,0.000398,0.000515,162.9300,165.1974,2.2674
2024-10-17,META,576.7900,0.000414,-0.000171,0.000515,0.003296,0.001121,0.000515,0.002803,0.000515,576.9300,578.3081,1.3781
2024-10-17,MSFT,416.1200,0.001613,-0.000171,0.000515,0.001580,-0.000259,0.000515,0.000742,0.000515,416.7200,416.3574,-0.3626
2024-10-17,NVDA,135.7200,0.009087,-0.000171,0.000515,-0.000332,-0.001765,0.000515,0.005514,0.000515,136.9300,136.4451,-0.4849
2024-10-17,TSLA,221.3300,-0.001817,-0.000171,0.000515,0.007778,0.003933,0.000515,0.002708,0.000515,220.8900,221.8916,1.0016
2024-10-18,AAPL,232.1500,0.008305,0.003972,0.000525,0.001177,0.000431,0.000515,-0.000158,0.000525,235.0000,233.0353,-1.9647
2024-10-18,AMZN,187.5300,0.003814,0.003972,0.000525,-0.000528,-0.000317,0.000515,-0.001784,0.000525,188.9900,187.9402,-1.0498
2024-10-18,GOOGL,162.9300,-0.000964,0.003972,0.000525,0.002001,0.001214,0.000515,-0.001336,0.000525,163.4200,163.3593,-0.0607
2024-10-18,META,576.9300,-0.004769,0.003972,0.000525,0.000424,0.001749,0.000515,-0.002282,0.000525,576.4700,577.9049,1.4349
2024-10-18,MSFT,416.7200,-0.000516,0.003972,0.000525,0.000725,0.000639,0.000515,-0.001275,0.000525,418.1600,417.8437,-0.3163
2024-10-18,NVDA,136.9300,0.003843,0.003972,0.000525,0.000785,0.000149,0.000515,-0.002684,0.000525,138.0000,137.1063,-0.8937
2024-10-18,TSLA,220.8900,-0.004832,0.003972,0.000525,0.005934,-0.000318,0.000515,-0.000941,0.000525,220.7000,221.5594,0.8594
2024-10-21,AAPL,235.0000,0.008121,-0.001823,0.000496,-0.003152,-0.002271,0.000515,0.000667,0.000496,236.4800,234.7283,-1.7517
2024-10-21,AMZN,188.9900,0.002246,-0.001823,0.000496,0.000700,-0.000174,0.000515,-0.002246,0.000496,189.0700,188.2211,-0.8489
2024-10-21,GOOGL,163.4200,0.005800,-0.001823,0.000496,-0.001838,-0.001620,0.000515,-0.002995,0.000496,164.0700,162.6326,-1.4374
2024-10-21,META,576.4700,-0.000450,-0.001823,0.000496,0.000963,0.003182,0.000515,-0.002255,0.000496,575.1600,574.1193,-1.0407
2024-10-21,MSFT,418.1600,0.003305,-0.001823,0.000496,-0.001795,-0.001725,0.000515,-0.003123,0.000496,418.7800,416.0917,-2.6882
2024-10-21,NVDA,138.0000,0.043200,-0.001823,0.000496,0.001044,0.000717,0.000515,0.002343,0.000496,143.7100,138.0718,-5.6382
2024-10-21,TSLA,220.7000,-0.006560,-0.001823,0.000496,-0.002602,-0.005771,0.000515,-0.002311,0.000496,218.8500,219.7877,0.9377
2024-10-22,AAPL,236.4800,-0.002147,-0.000475,0.000495,0.000255,-0.000133,0.000515,0.000803,0.000495,235.8600,236.5575,0.6975
2024-10-22,AMZN,189.0700,0.003807,-0.000475,0.000495,0.001048,0.000290,0.000515,0.001729,0.000495,189.7000,189.3070,-0.3929
2024-10-22,GOOGL,164.0700,0.006996,-0.000475,0.000495,-0.000413,-0.001046,0.000515,0.000970,0.000495,165.1400,164.1512,-0.9888
2024-10-22,META,575.1600,0.012385,-0.000475,0.000495,0.002905,0.002879,0.000515,0.006910,0.000495,582.0100,578.8614,-3.1486
2024-10-22,MSFT,418.7800,0.021321,-0.000475,0.000495,0.001113,0.000439,0.000515,0.001488,0.000495,427.5100,419.2042,-8.3058
2024-10-22,NVDA,143.7100,-0.000360,-0.000475,0.000495,0.001958,-0.000603,0.000515,0.005156,0.000495,143.5900,144.3827,0.7927
2024-10-22,TSLA,218.8500,-0.003546,-0.000475,0.000495,-0.002704,-0.005478,0.000515,0.000985,0.000495,217.9700,218.9616,0.9916
2024-10-23,AAPL,235.8600,-0.012432,-0.009191,0.000496,0.001658,-0.000642,0.000515,-0.000208,0.000496,230.7600,233.6431,2.8831
2024-10-23,AMZN,189.7000,-0.017113,-0.009191,0.000496,0.000724,-0.000085,0.000515,0.000675,0.000496,184.7100,188.0844,3.3744
2024-10-23,GOOGL,165.1400,-0.005100,-0.009191,0.000496,0.000334,-0.000046,0.000515,0.001318,0.000496,162.7800,163.8397,1.0597
2024-10-23,META,582.0100,-0.022286,-0.009191,0.000496,0.001010,0.000476,0.000515,0.002010,0.000496,563.6900,577.8307,14.1407
2024-10-23,MSFT,427.5100,0.002384,-0.009191,0.000496,0.000688,0.001187,0.000515,0.000856,0.000496,424.6000,423.9468,-0.6533
2024-10-23,NVDA,143.5900,-0.018875,-0.009191,0.000496,-0.001205,-0.002305,0.000515,0.000335,0.000496,139.5600,142.3184,2.7584
2024-10-23,TSLA,217.9700,-0.010628,-0.009191,0.000496,-0.002830,-0.005804,0.000515,0.001070,0.000496,213.6500,216.1999,2.5499
2024-10-24,AAPL,230.7600,-0.002969,0.002146,0.000538,-0.000005,0.000174,0.000515,-0.000699,0.000538,230.5700,231.0939,0.5239
2024-10-24,AMZN,184.7100,0.006895,0.002146,0.000538,0.002410,0.002556,0.000515,0.004621,0.000538,186.3800,185.9600,-0.4201
2024-10-24,GOOGL,162.7800,-0.002514,0.002146,0.000538,0.002337,0.002785,0.000515,0.001244,0.000538,162.7200,163.3317,0.6117
2024-10-24,META,563.6900,0.005110,0.002146,0.000538,0.003641,0.003353,0.000515,0.000936,0.000538,567.7800,565.4269,-2.3531
2024-10-24,MSFT,424.6000,-0.001840,0.002146,0.000538,0.000350,-0.000506,0.000515,0.001075,0.000538,424.7300,425.9677,1.2377
2024-10-24,NVDA,139.5600,0.003945,0.002146,0.000538,0.003647,0.003047,0.000515,0.010382,0.000538,140.4100,141.3084,0.8984
2024-10-24,TSLA,213.6500,0.217045,0.002146,0.000538,-0.000710,-0.004145,0.000515,0.011473,0.000538,260.4800,216.5596,-43.9204
2024-10-25,AAPL,230.5700,0.003943,-0.000299,0.000567,-0.001321,0.000016,0.000515,0.003442,0.000567,231.4100,231.2945,-0.1155
2024-10-25,AMZN,186.3800,0.008079,-0.000299,0.000567,-0.000515,0.000344,0.000515,0.002800,0.000567,187.8300,186.8460,-0.9840
2024-10-25,GOOGL,162.7200,0.015971,-0.000299,0.000567,0.000645,-0.000026,0.000515,0.002766,0.000567,165.2700,163.1213,-2.1487
2024-10-25,META,567.7800,0.009933,-0.000299,0.000567,0.000557,0.001616,0.000515,0.001093,0.000567,573.2500,568.2303,-5.0197
2024-10-25,MSFT,424.7300,0.008352,-0.000299,0.000567,0.001319,0.001135,0.000515,0.003280,0.000567,428.1500,425.9959,-2.1541
2024-10-25,NVDA,140.4100,0.008347,-0.000299,0.000567,-0.000079,0.001024,0.000515,0.003273,0.000567,141.5400,140.8275,-0.7125
2024-10-25,TSLA,260.4800,0.033738,-0.000299,0.000567,-0.002954,0.003081,0.000515,0.012415,0.000567,269.1900,263.6358,-5.5542
2024-10-28,AAPL,231.4100,0.005948,0.002651,0.000495,0.000776,0.000575,0.000515,-0.002042,0.000495,233.4000,231.5510,-1.8490
2024-10-28,AMZN,187.8300,0.000330,0.002651,0.000495,0.000493,0.000239,0.000515,0.002406,0.000495,188.3900,188.7799,0.3899
2024-10-28,GOOGL,165.2700,0.006122,0.002651,0.000495,0.000857,0.000910,0.000515,0.000829,0.000495,166.7200,165.8452,-0.8748
2024-10-28,META,573.2500,0.005914,0.002651,0.000495,0.001386,0.000882,0.000515,0.003538,0.000495,578.1600,576.7982,-1.3617
2024-10-28,MSFT,428.1500,-0.006295,0.002651,0.000495,0.001061,0.000282,0.000515,0.001515,0.000495,426.5900,429.9339,3.3439
2024-10-28,NVDA,141.5400,-0.009858,0.002651,0.000495,-0.001436,-0.000892,0.000515,-0.000436,0.000495,140.5200,141.8535,1.3335
2024-10-28,TSLA,269.1900,-0.027467,0.002651,0.000495,0.009138,-0.000849,0.000515,0.009626,0.000495,262.5100,272.4950,9.9850
