"Date","Price","Open","High","Low","Vol.","Change %"
"11/27/2024","569.20","574.89","574.98","564.10","7.20M","-0.76%"
"11/26/2024","573.54","566.00","577.50","565.20","10.36M","1.49%"
"11/25/2024","565.11","562.10","572.59","556.39","13.60M","1.07%"
"11/22/2024","559.14","563.55","563.83","554.59","9.16M","-0.70%"
"11/21/2024","563.09","569.52","570.00","549.05","11.15M","-0.43%"
"11/20/2024","565.52","562.93","566.35","554.20","9.80M","0.79%"
"11/19/2024","561.09","551.86","561.43","550.60","9.52M","1.21%"
"11/18/2024","554.40","557.04","559.90","550.09","14.35M","0.06%"
"11/15/2024","554.08","571.22","572.57","551.50","17.71M","-4.00%"
"11/14/2024","577.16","577.00","580.76","573.01","11.05M","-0.49%"
"11/13/2024","580.00","582.60","585.64","575.17","10.76M","-0.82%"
"11/12/2024","584.82","588.54","599.66","580.38","16.29M","0.28%"
"11/11/2024","583.17","586.36","587.00","576.51","10.21M","-1.05%"
"11/08/2024","589.34","591.54","593.10","584.52","9.42M","-0.40%"
"11/07/2024","591.70","576.89","594.80","575.21","14.65M","3.44%"
"11/06/2024","572.05","562.75","573.00","555.17","18.31M","-0.07%"
"11/05/2024","572.43","567.30","573.48","566.67","9.78M","2.10%"
"11/04/2024","560.68","564.10","568.69","557.89","12.06M","-1.14%"
"11/01/2024","567.16","567.60","573.67","562.56","15.30M","-0.07%"
"10/31/2024","567.58","585.00","589.90","563.01","26.84M","-4.09%"
"10/30/2024","591.80","600.98","601.20","589.38","26.86M","-0.25%"
"10/29/2024","593.28","580.15","593.67","575.40","13.02M","2.62%"
"10/28/2024","578.16","582.00","583.75","574.12","10.93M","0.86%"
"10/25/2024","573.25","573.93","581.29","571.72","11.34M","0.96%"
"10/24/2024","567.78","567.13","568.88","561.52","7.18M","0.73%"
"10/23/2024","563.69","579.97","585.00","562.50","14.25M","-3.15%"
"10/22/2024","582.01","574.29","583.53","572.12","8.54M","1.19%"
"10/21/2024","575.16","576.03","577.24","569.11","8.17M","-0.23%"
"10/18/2024","576.47","581.10","583.97","575.25","7.69M","-0.08%"
"10/17/2024","576.93","583.33","584.97","575.20","8.70M","0.02%"
"10/16/2024","576.79","581.40","582.08","574.03","11.27M","-1.62%"
"10/15/2024","586.27","590.16","590.61","580.14","9.56M","-0.70%"
"10/14/2024","590.42","594.22","600.10","589.96","8.25M","0.08%"
"10/11/2024","589.95","584.83","591.21","582.71","8.59M","1.05%"
"10/10/2024","583.83","587.57","590.23","582.52","7.74M","-1.13%"
"10/09/2024","590.51","593.99","594.39","581.61","9.53M","-0.40%"
"10/08/2024","592.89","589.69","593.56","585.97","7.86M","1.39%"
"10/07/2024","584.78","598.22","602.95","584.04","12.01M","-1.87%"
"10/04/2024","595.94","583.73","596.85","581.43","14.20M","2.26%"
"10/03/2024","582.77","570.15","583.36","568.73","11.58M","1.74%"
"10/02/2024","572.81","574.86","576.00","569.34","6.52M","-0.63%"
"10/01/2024","576.47","577.98","583.04","570.10","15.26M","0.70%"
"09/30/2024","572.44","567.70","574.68","564.80","12.81M","0.90%"
"09/27/2024","567.36","570.10","570.84","564.51","9.40M","-0.08%"
"09/26/2024","567.84","575.73","577.40","562.35","14.40M","-0.08%"
"09/25/2024","568.31","564.05","576.88","563.72","16.54M","0.88%"
"09/24/2024","563.33","566.68","567.74","554.19","12.99M","-0.19%"
"09/23/2024","564.41","569.50","573.98","562.41","12.83M","0.55%"
"09/20/2024","561.35","560.00","564.50","556.30","22.07M","0.40%"
"09/19/2024","559.10","550.00","562.07","546.52","15.65M","3.93%"
"09/18/2024","537.95","537.07","544.20","533.90","10.32M","0.30%"
"09/17/2024","536.32","537.60","542.10","530.57","11.69M","0.57%"
"09/16/2024","533.28","524.54","534.10","517.40","9.53M","1.65%"
"09/13/2024","524.62","520.34","527.58","517.11","10.32M","-0.19%"
"09/12/2024","525.60","517.05","526.71","515.22","11.99M","2.69%"
"09/11/2024","511.83","507.01","513.12","495.60","10.78M","1.39%"
"09/10/2024","504.79","508.16","514.18","500.03","9.90M","0.00%"
"09/09/2024","504.79","506.16","511.33","502.08","11.05M","0.90%"
"09/06/2024","500.27","521.88","524.58","498.25","14.74M","-3.21%"
"09/05/2024","516.86","511.72","521.63","511.15","8.64M","0.80%"
"09/04/2024","512.74","506.07","516.59","504.07","8.34M","0.19%"
"09/03/2024","511.76","519.64","525.49","508.62","12.46M","-1.83%"
"08/30/2024","521.31","521.35","523.54","515.20","9.16M","0.60%"
"08/29/2024","518.22","519.05","527.20","515.68","8.32M","0.28%"
"08/28/2024","516.78","517.67","521.09","512.45","9.11M","-0.45%"
"08/27/2024","519.10","518.98","524.01","515.31","6.28M","-0.39%"
"08/26/2024","521.12","527.60","528.00","514.95","9.58M","-1.30%"
"08/23/2024","528.00","536.92","539.87","525.06","11.32M","-0.74%"
"08/22/2024","531.93","537.00","544.23","528.59","15.71M","-0.60%"
"08/21/2024","535.16","527.15","539.40","526.93","13.42M","1.60%"
"08/20/2024","526.73","528.35","531.09","525.88","7.94M","-0.48%"
"08/19/2024","529.28","526.87","531.66","522.76","9.88M","0.35%"
"08/16/2024","527.42","531.90","533.66","524.66","14.78M","-1.84%"
"08/15/2024","537.33","531.79","539.77","526.70","13.48M","2.01%"
"08/14/2024","526.76","528.06","534.00","523.13","11.44M","-0.34%"
"08/13/2024","528.54","520.01","531.50","518.15","13.74M","2.44%"
"08/12/2024","515.95","516.86","518.02","509.10","9.77M","-0.35%"
"08/09/2024","517.77","507.71","518.34","505.70","13.70M","1.60%"
"08/08/2024","509.63","497.50","509.96","494.72","16.16M","4.24%"
"08/07/2024","488.92","503.13","510.15","486.86","20.11M","-1.05%"
"08/06/2024","494.09","479.00","502.56","478.65","20.95M","3.86%"
"08/05/2024","475.73","451.35","483.48","450.80","21.40M","-2.54%"
"08/02/2024","488.14","489.00","501.14","476.15","24.04M","-1.93%"
"08/01/2024","497.74","521.00","527.17","492.10","43.08M","4.82%"
"07/31/2024","474.83","471.02","476.50","466.75","24.29M","2.51%"
"07/30/2024","463.19","467.00","472.73","456.70","11.39M","-0.54%"
"07/29/2024","465.71","469.88","473.96","465.02","11.34M","0.00%"
"07/26/2024","465.70","464.20","469.77","459.42","14.22M","2.71%"
"07/25/2024","453.41","463.26","463.55","442.65","18.24M","-1.70%"
"07/24/2024","461.27","472.30","476.30","460.58","17.65M","-5.61%"
"07/23/2024","488.69","489.84","495.22","487.72","9.46M","0.26%"
"07/22/2024","487.40","486.58","492.06","483.90","12.02M","2.23%"
"07/19/2024","476.79","476.06","486.71","475.71","15.15M","0.20%"
"07/18/2024","475.85","475.00","479.24","464.54","19.27M","3.00%"
"07/17/2024","461.99","479.17","479.17","459.12","28.08M","-5.68%"
"07/16/2024","489.79","501.50","503.95","485.79","14.08M","-1.28%"
"07/15/2024","496.16","498.63","506.68","493.37","12.54M","-0.54%"
"07/12/2024","498.87","497.76","508.09","494.23","19.75M","-2.70%"
"07/11/2024","512.70","530.89","535.46","508.37","16.46M","-4.11%"
"07/10/2024","534.69","530.79","538.88","528.36","10.98M","0.88%"
"07/09/2024","530.00","533.75","537.48","528.19","8.77M","0.13%"
"07/08/2024","529.32","542.35","542.81","526.65","14.92M","-1.96%"
"07/05/2024","539.91","511.60","540.87","511.60","21.35M","5.87%"
"07/03/2024","509.96","506.37","511.28","506.02","6.01M","0.09%"
"07/02/2024","509.50","500.76","510.50","499.45","7.74M","0.96%"
"07/01/2024","504.68","504.95","506.58","493.17","10.33M","0.09%"
"06/28/2024","504.22","517.15","521.88","503.84","15.86M","-2.95%"
"06/27/2024","519.56","514.25","522.88","513.90","10.12M","1.26%"
"06/26/2024","513.12","506.64","513.81","504.68","8.88M","0.49%"
"06/25/2024","510.60","497.05","510.71","495.50","12.11M","2.34%"
"06/24/2024","498.91","499.20","507.80","494.29","13.53M","0.83%"
"06/21/2024","494.78","503.45","503.45","492.39","23.13M","-1.38%"
"06/20/2024","501.70","502.00","503.67","496.77","11.80M","0.44%"
"06/18/2024","499.49","504.56","506.00","495.02","13.06M","-1.41%"
"06/17/2024","506.63","501.67","510.75","496.01","11.27M","0.49%"
"06/14/2024","504.16","502.65","507.15","500.75","10.24M","0.01%"
"06/13/2024","504.10","505.71","509.36","501.36","9.95M","-0.93%"
"06/12/2024","508.84","513.99","514.01","504.47","11.98M","0.27%"
"06/11/2024","507.47","500.16","507.60","498.27","9.67M","0.97%"
"06/10/2024","502.60","493.86","502.66","493.41","11.24M","1.96%"
"06/07/2024","492.96","495.91","498.91","490.17","9.38M","-0.16%"
"06/06/2024","493.76","492.98","502.82","490.89","10.67M","-0.26%"
"06/05/2024","495.06","484.45","496.65","483.91","15.69M","3.79%"
"06/04/2024","476.99","477.00","478.89","473.23","7.09M","-0.10%"
"06/03/2024","477.49","470.86","479.60","468.24","11.28M","2.28%"
"05/31/2024","466.83","465.80","469.12","454.46","16.92M","-0.05%"
"05/30/2024","467.05","471.67","471.73","464.71","10.74M","-1.54%"
"05/29/2024","474.36","474.66","479.85","473.70","9.23M","-1.16%"
"05/28/2024","479.92","476.58","480.86","474.84","10.18M","0.36%"
"05/24/2024","478.22","467.62","479.85","466.30","12.02M","2.67%"
"05/23/2024","465.78","472.88","474.36","461.54","11.75M","-0.43%"
"05/22/2024","467.78","467.87","473.72","465.65","10.08M","0.68%"
"05/21/2024","464.63","467.12","470.70","462.27","11.74M","-0.90%"
"05/20/2024","468.84","469.95","473.20","467.04","11.75M","-0.65%"
"05/17/2024","471.91","470.83","472.80","468.42","10.81M","-0.28%"
"05/16/2024","473.23","475.00","477.69","472.75","16.61M","-1.73%"
"05/15/2024","481.54","474.98","482.50","471.20","13.10M","2.05%"
"05/14/2024","471.85","463.37","472.54","460.08","10.48M","0.82%"
"05/13/2024","468.01","472.75","473.35","462.85","14.67M","-1.72%"
"05/10/2024","476.20","477.09","477.50","469.60","10.75M","0.16%"
"05/09/2024","475.42","470.00","476.08","467.63","9.44M","0.60%"
"05/08/2024","472.60","463.50","475.58","463.00","11.68M","0.93%"
"05/07/2024","468.24","466.29","471.53","461.31","13.41M","0.55%"
"05/06/2024","465.68","455.58","466.16","453.34","15.09M","3.04%"
"05/03/2024","451.96","445.93","454.17","443.85","16.49M","2.33%"
"05/02/2024","441.68","438.84","443.96","432.28","15.22M","0.57%"
"05/01/2024","439.19","428.60","449.96","427.11","20.34M","2.10%"
"04/30/2024","430.17","431.05","439.62","429.72","18.43M","-0.57%"
"04/29/2024","432.62","439.56","439.76","428.56","21.50M","-2.41%"
"04/26/2024","443.29","441.46","446.44","431.96","32.69M","0.43%"
"04/25/2024","441.38","421.40","445.77","414.50","82.89M","-10.56%"
"04/24/2024","493.50","508.06","510.00","484.58","37.77M","-0.52%"
"04/23/2024","496.10","491.25","498.76","488.97","15.08M","2.98%"
"04/22/2024","481.73","489.71","492.01","473.40","17.27M","0.14%"
"04/19/2024","481.07","502.80","502.80","475.73","25.22M","-4.13%"
"04/18/2024","501.80","499.82","512.21","499.04","14.81M","1.54%"
"04/17/2024","494.17","503.10","503.16","487.14","12.19M","-1.12%"
"04/16/2024","499.76","498.11","504.77","497.11","9.85M","-0.09%"
"04/15/2024","500.23","516.72","518.53","497.28","13.51M","-2.28%"
"04/12/2024","511.90","517.75","520.19","509.33","11.98M","-2.15%"
"04/11/2024","523.16","521.11","523.86","517.29","10.37M","0.64%"
"04/10/2024","519.83","509.29","522.56","505.80","11.42M","0.57%"
"04/09/2024","516.90","522.23","525.87","506.74","10.88M","-0.45%"
"04/08/2024","519.25","529.28","531.49","518.89","13.26M","-1.53%"
"04/05/2024","527.34","516.85","530.70","514.41","19.26M","3.21%"
"04/04/2024","510.92","516.42","530.00","510.58","26.48M","0.82%"
"04/03/2024","506.74","498.93","507.24","498.75","12.10M","1.88%"
"04/02/2024","497.37","485.10","497.53","484.65","11.08M","1.23%"
"04/01/2024","491.35","487.20","497.43","481.78","9.25M","1.19%"
"03/28/2024","485.58","492.84","492.89","485.15","15.21M","-1.68%"
"03/27/2024","493.86","499.30","499.89","488.07","9.99M","-0.41%"
"03/26/2024","495.89","505.13","510.00","495.21","11.21M","-1.42%"
"03/25/2024","503.02","505.79","507.22","500.24","8.38M","-1.29%"
"03/22/2024","509.58","507.00","509.97","504.34","8.12M","0.36%"
"03/21/2024","507.76","514.71","515.04","506.01","9.71M","0.44%"
"03/20/2024","505.52","499.50","508.20","495.17","11.71M","1.87%"
"03/19/2024","496.24","488.17","496.63","481.28","10.90M","-0.15%"
"03/18/2024","496.98","491.91","497.42","486.81","11.76M","2.66%"
"03/15/2024","484.10","489.01","491.83","481.30","29.15M","-1.57%"
"03/14/2024","491.83","500.26","501.35","488.16","12.62M","-0.75%"
"03/13/2024","495.57","495.39","500.98","491.03","12.09M","-0.84%"
"03/12/2024","499.75","493.26","502.31","484.73","15.45M","3.34%"
"03/11/2024","483.59","497.01","497.32","476.00","20.43M","-4.42%"
"03/08/2024","505.95","514.19","523.57","499.35","18.60M","-1.22%"
"03/07/2024","512.19","503.28","519.85","501.38","18.59M","3.25%"
"03/06/2024","496.09","497.63","502.97","494.29","11.76M","1.20%"
"03/05/2024","490.22","495.00","495.58","487.89","15.33M","-1.60%"
"03/04/2024","498.19","503.00","504.42","496.42","12.32M","-0.82%"
"03/01/2024","502.30","492.11","504.25","491.85","15.88M","2.48%"
"02/29/2024","490.13","488.44","491.70","482.61","17.73M","1.26%"
"02/28/2024","484.02","485.00","491.05","482.75","12.72M","-0.62%"
"02/27/2024","487.05","479.98","487.27","479.92","10.81M","1.10%"
"02/26/2024","481.74","483.47","486.14","480.60","12.10M","-0.47%"
"02/23/2024","484.03","488.05","494.36","482.35","18.37M","-0.43%"
"02/22/2024","486.13","480.24","489.99","476.06","21.63M","3.87%"
"02/21/2024","468.03","466.50","469.00","461.79","12.98M","-0.79%"
"02/20/2024","471.75","469.71","476.18","466.56","18.02M","-0.33%"
"02/16/2024","473.32","478.11","478.96","469.21","23.32M","-2.21%"
"02/15/2024","484.03","475.28","488.62","472.22","24.21M","2.27%"
"02/14/2024","473.28","467.93","474.11","466.09","16.86M","2.86%"
"02/13/2024","460.12","456.87","467.89","455.09","20.92M","-1.87%"
"02/12/2024","468.90","468.19","479.14","466.58","19.38M","0.17%"
"02/09/2024","468.11","472.95","473.59","467.46","18.41M","-0.40%"
"02/08/2024","470.00","468.32","470.59","465.03","18.82M","0.09%"
"02/07/2024","469.59","458.00","471.52","456.18","23.07M","3.27%"
"02/06/2024","454.72","464.00","467.12","453.00","21.66M","-1.02%"
"02/05/2024","459.41","469.88","471.90","459.22","40.83M","-3.28%"
"02/02/2024","474.99","459.60","485.96","453.01","84.71M","20.32%"
"02/01/2024","394.78","393.94","400.50","393.05","29.73M","1.19%"
"01/31/2024","390.14","389.00","398.00","387.10","20.18M","-2.48%"
"01/30/2024","400.06","403.59","406.36","399.57","18.61M","-0.24%"
"01/29/2024","401.02","394.98","402.93","393.10","18.74M","1.75%"
"01/26/2024","394.14","394.35","396.79","391.59","13.16M","0.24%"
"01/25/2024","393.18","390.17","395.49","385.66","15.09M","0.63%"
"01/24/2024","390.70","390.00","396.15","387.81","15.60M","1.43%"
"01/23/2024","385.20","384.61","388.38","382.08","15.51M","0.90%"
"01/22/2024","381.78","387.95","390.35","381.16","17.68M","-0.44%"
"01/19/2024","383.45","379.00","384.36","377.97","21.67M","1.95%"
"01/18/2024","376.13","371.49","376.85","370.95","16.35M","2.11%"
"01/17/2024","368.37","366.30","368.54","358.61","12.72M","0.25%"
"01/16/2024","367.46","373.65","375.61","367.23","15.31M","-1.88%"
"01/12/2024","374.49","370.15","377.06","369.54","19.31M","1.30%"
"01/11/2024","369.67","372.13","372.78","362.93","17.21M","-0.22%"
"01/10/2024","370.47","360.17","372.94","359.08","22.12M","3.65%"
"01/09/2024","357.43","356.40","360.64","355.36","13.46M","-0.34%"
"01/08/2024","358.66","354.70","358.98","352.05","13.89M","1.91%"
"01/05/2024","351.95","346.99","353.50","346.26","13.75M","1.39%"
"01/04/2024","347.12","344.50","348.15","343.40","12.10M","0.77%"
"01/03/2024","344.47","344.98","347.95","343.17","15.45M","-0.53%"
"01/02/2024","346.29","351.32","353.16","340.01","19.04M","-2.17%"
"12/29/2023","353.96","358.99","360.00","351.82","14.99M","-1.22%"
"12/28/2023","358.32","359.70","361.90","357.81","11.80M","0.14%"
"12/27/2023","357.83","356.07","359.00","355.31","13.21M","0.85%"
"12/26/2023","354.83","354.99","356.98","353.45","9.90M","0.41%"
"12/22/2023","353.39","355.58","357.20","351.22","11.77M","-0.20%"
"12/21/2023","354.09","352.98","356.40","349.21","15.29M","1.38%"
"12/20/2023","349.28","348.65","354.96","347.79","16.37M","-0.31%"
"12/19/2023","350.36","345.58","353.60","345.12","17.73M","1.67%"
"12/18/2023","344.62","337.48","347.56","337.02","18.99M","2.90%"
"12/15/2023","334.92","331.99","338.66","331.22","31.78M","0.53%"
"12/14/2023","333.17","333.85","334.70","328.64","19.61M","-0.47%"
"12/13/2023","334.74","333.93","338.37","332.64","16.35M","0.16%"
"12/12/2023","334.22","324.60","334.47","324.56","18.49M","2.75%"
"12/11/2023","325.28","329.40","329.89","319.99","25.80M","-2.24%"
"12/08/2023","332.75","323.09","333.17","323.00","14.09M","1.89%"
"12/07/2023","326.59","317.77","328.24","317.77","15.91M","2.88%"
"12/06/2023","317.45","321.93","322.25","317.04","11.29M","-0.26%"
"12/05/2023","318.29","318.98","321.88","315.39","16.95M","-0.54%"
"12/04/2023","320.02","317.29","320.86","313.66","19.04M","-1.48%"
"12/01/2023","324.82","325.48","326.86","320.76","15.28M","-0.71%"
"11/30/2023","327.15","331.89","333.50","322.40","23.15M","-1.52%"
"11/29/2023","332.20","339.69","339.90","330.78","16.02M","-2.00%"
"11/28/2023","338.99","333.40","339.38","333.40","12.64M","1.28%"
"11/27/2023","334.70","336.18","339.90","334.20","15.68M","-1.04%"
"11/24/2023","338.23","340.13","341.86","336.77","5.47M","-0.95%"
"11/22/2023","341.49","339.21","342.92","338.58","10.72M","1.34%"
"11/21/2023","336.98","338.33","339.90","335.90","12.03M","-0.88%"
"11/20/2023","339.97","334.89","341.87","334.19","16.98M","1.47%"
"11/17/2023","335.04","330.26","335.50","329.35","14.52M","0.25%"
"11/16/2023","334.19","329.37","334.58","326.38","18.93M","0.44%"
"11/15/2023","332.71","337.93","338.40","330.02","14.53M","-1.07%"
"11/14/2023","336.31","334.54","338.10","333.33","17.18M","2.16%"
"11/13/2023","329.19","326.20","332.33","325.70","16.91M","0.13%"
"11/10/2023","328.77","319.94","329.10","319.46","19.12M","2.56%"
"11/09/2023","320.55","319.42","324.18","318.80","16.10M","0.24%"
"11/08/2023","319.78","318.14","321.33","314.88","13.61M","0.30%"
"11/07/2023","318.82","317.06","321.00","315.12","14.06M","0.96%"
"11/06/2023","315.80","315.98","318.33","314.45","12.89M","0.38%"
"11/03/2023","314.60","312.55","315.55","311.02","16.76M","1.20%"
"11/02/2023","310.87","317.30","318.82","308.33","21.63M","-0.31%"
"11/01/2023","311.85","301.85","312.74","301.85","20.43M","3.51%"
"10/31/2023","301.27","303.31","303.68","296.86","19.43M","-0.46%"
"10/30/2023","302.66","299.09","309.40","299.05","28.44M","2.00%"
"10/27/2023","296.73","294.48","299.31","292.97","29.60M","2.91%"
"10/26/2023","288.35","295.00","295.00","279.40","66.68M","-3.73%"
"10/25/2023","299.53","310.00","310.88","298.84","42.19M","-4.17%"
"10/24/2023","312.55","316.78","318.35","310.63","19.53M","-0.46%"
"10/23/2023","314.01","309.50","317.36","307.26","17.80M","1.74%"
"10/20/2023","308.65","314.14","315.30","306.47","22.31M","-1.33%"
"10/19/2023","312.81","319.88","321.89","311.75","18.71M","-1.31%"
"10/18/2023","316.97","321.39","325.94","315.56","16.85M","-2.17%"
"10/17/2023","324.00","318.18","324.40","317.30","16.39M","0.89%"
"10/16/2023","321.15","318.64","321.82","315.52","16.54M","2.05%"
"10/13/2023","314.69","323.53","325.05","312.37","21.36M","-2.92%"
"10/12/2023","324.16","328.00","330.54","322.69","20.53M","-1.12%"
"10/11/2023","327.82","323.01","328.83","322.95","22.04M","1.86%"
"10/10/2023","321.84","319.12","324.66","318.16","19.04M","1.09%"
"10/09/2023","318.36","312.50","320.33","311.82","22.50M","0.93%"
"10/06/2023","315.43","301.44","316.31","300.91","21.80M","3.49%"
"10/05/2023","304.79","304.63","306.21","299.50","19.13M","-0.26%"
"10/04/2023","305.58","298.73","306.90","298.50","16.88M","1.54%"
"10/03/2023","300.94","304.26","306.77","299.64","17.36M","-1.92%"
"10/02/2023","306.82","302.74","307.18","301.63","16.27M","2.20%"
"09/29/2023","300.21","307.38","310.64","299.36","25.37M","-1.23%"
"09/28/2023","303.96","298.93","306.33","296.70","22.17M","2.09%"
"09/27/2023","297.74","300.45","301.30","286.79","36.43M","-0.41%"
"09/26/2023","298.96","297.66","300.30","296.01","19.42M","-0.62%"
"09/25/2023","300.83","295.64","300.95","293.70","18.99M","0.59%"
"09/22/2023","299.08","299.30","305.38","298.27","25.37M","1.13%"
"09/21/2023","295.73","295.70","300.26","293.27","21.32M","-1.31%"
"09/20/2023","299.67","305.05","308.06","299.43","19.38M","-1.77%"
"09/19/2023","305.07","302.48","306.17","299.81","15.93M","0.83%"
"09/18/2023","302.55","298.19","303.60","297.80","14.23M","0.75%"
"09/15/2023","300.31","311.61","312.00","298.75","28.13M","-3.66%"
"09/14/2023","311.72","306.74","312.87","305.03","19.34M","2.18%"
"09/13/2023","305.06","302.36","307.18","301.32","13.21M","1.13%"
"09/12/2023","301.66","306.33","308.66","300.23","13.48M","-1.92%"
"09/11/2023","307.56","301.41","309.04","301.28","19.49M","3.25%"
"09/08/2023","297.89","299.22","305.25","296.78","17.57M","-0.26%"
"09/07/2023","298.67","298.00","307.05","292.22","33.75M","-0.17%"
"09/06/2023","299.17","301.71","303.30","295.66","15.42M","-0.33%"
"09/05/2023","300.15","297.02","301.39","295.51","14.96M","1.27%"
"09/01/2023","296.38","299.37","301.74","294.47","12.84M","0.17%"
"08/31/2023","295.89","295.80","301.10","295.66","17.23M","0.27%"
"08/30/2023","295.10","297.17","298.29","293.43","17.72M","-0.97%"
"08/29/2023","297.99","288.58","299.15","288.18","20.84M","2.66%"
"08/28/2023","290.26","288.00","291.45","285.80","14.24M","1.67%"
"08/25/2023","285.50","286.13","288.39","276.03","23.70M","-0.44%"
"08/24/2023","286.75","298.50","299.46","286.64","18.36M","-2.55%"
"08/23/2023","294.24","288.50","297.40","287.67","18.29M","2.31%"
"08/22/2023","287.60","292.55","292.90","286.75","13.00M","-0.79%"
"08/21/2023","289.90","283.45","290.50","281.85","20.18M","2.35%"
"08/18/2023","283.25","279.03","285.69","274.38","35.35M","-0.65%"
"08/17/2023","285.09","293.05","296.05","284.95","23.95M","-3.13%"
"08/16/2023","294.29","300.20","301.08","294.28","18.55M","-2.54%"
"08/15/2023","301.95","306.14","307.23","300.03","11.62M","-1.38%"
"08/14/2023","306.19","300.98","306.21","298.25","15.64M","1.51%"
"08/11/2023","301.64","302.57","304.72","300.36","14.05M","-1.34%"
"08/10/2023","305.74","307.94","312.34","303.87","14.36M","0.17%"
"08/09/2023","305.21","312.88","313.63","302.85","19.96M","-2.38%"
"08/08/2023","312.64","314.40","317.89","310.11","15.18M","-1.24%"
"08/07/2023","316.56","313.23","317.07","310.46","16.24M","1.88%"
"08/04/2023","310.73","314.96","318.41","310.20","17.61M","-0.79%"
"08/03/2023","313.19","309.93","315.95","309.93","15.22M","-0.36%"
"08/02/2023","314.31","318.00","318.39","310.65","20.46M","-2.60%"
"08/01/2023","322.71","317.54","324.14","314.66","22.89M","1.29%"
"07/31/2023","318.60","323.69","325.66","317.59","25.80M","-2.11%"
"07/28/2023","325.48","316.88","326.20","314.25","39.22M","4.42%"
"07/27/2023","311.71","325.12","325.35","309.84","64.23M","4.40%"
"07/26/2023","298.57","301.19","301.77","291.90","47.26M","1.39%"
"07/25/2023","294.47","295.19","298.30","291.86","19.59M","0.98%"
"07/24/2023","291.61","295.78","297.52","288.30","24.95M","-0.90%"
"07/21/2023","294.26","304.57","305.46","291.20","42.14M","-2.73%"
"07/20/2023","302.52","313.50","315.54","302.22","23.84M","-4.27%"
"07/19/2023","316.01","313.03","318.68","310.52","21.76M","1.27%"
"07/18/2023","312.05","310.88","314.20","307.62","20.76M","0.46%"
"07/17/2023","310.62","307.54","311.71","304.71","25.32M","0.57%"
"07/14/2023","308.87","311.79","314.88","307.36","23.05M","-1.45%"
"07/13/2023","313.41","313.62","316.24","310.29","30.28M","1.32%"
"07/12/2023","309.34","301.74","309.45","300.10","36.68M","3.70%"
"07/11/2023","298.29","293.90","300.18","291.90","27.59M","1.42%"
"07/10/2023","294.10","295.55","298.13","287.05","37.06M","1.23%"
"07/07/2023","290.53","292.18","296.20","288.66","25.59M","-0.50%"
"07/06/2023","291.99","295.89","298.12","291.31","47.73M","-0.81%"
"07/05/2023","294.37","287.65","298.12","286.36","33.87M","2.92%"
"07/03/2023","286.02","286.70","289.40","284.85","8.63M","-0.33%"
"06/30/2023","286.98","284.76","289.05","284.42","19.69M","1.94%"
"06/29/2023","281.53","284.50","286.57","280.69","15.40M","-1.32%"
"06/28/2023","285.29","284.82","289.55","284.06","16.72M","-0.61%"
"06/27/2023","287.05","282.01","289.35","280.65","26.11M","3.08%"
"06/26/2023","278.47","288.70","289.79","277.60","24.23M","-3.55%"
"06/23/2023","288.73","281.51","289.67","278.95","51.09M","1.35%"
"06/22/2023","284.88","279.08","285.26","277.79","17.56M","1.15%"
"06/21/2023","281.64","283.53","284.00","278.36","20.56M","-0.95%"
"06/20/2023","284.33","278.73","284.80","276.22","20.70M","1.19%"
"06/16/2023","281.00","284.75","287.85","280.13","43.13M","-0.29%"
"06/15/2023","281.83","272.30","283.99","271.42","25.97M","3.10%"
"06/14/2023","273.35","271.89","274.99","268.32","19.18M","0.75%"
"06/13/2023","271.32","274.88","275.72","269.09","16.16M","0.10%"
"06/12/2023","271.05","267.17","271.75","265.33","15.47M","2.30%"
"06/09/2023","264.95","262.48","267.95","261.70","16.95M","0.14%"
"06/08/2023","264.58","260.62","267.65","258.88","20.90M","0.37%"
"06/07/2023","263.60","271.67","274.25","262.80","26.16M","-2.77%"
"06/06/2023","271.12","270.14","276.57","269.69","19.42M","-0.10%"
"06/05/2023","271.39","270.30","275.57","269.56","20.74M","-0.45%"
"06/02/2023","272.61","272.66","275.35","271.12","19.42M","0.00%"
"06/01/2023","272.61","265.90","274.00","265.89","25.61M","2.98%"
"05/31/2023","264.72","260.00","265.00","258.45","25.47M","0.84%"
"05/30/2023","262.52","265.25","268.65","261.29","23.82M","0.18%"
"05/26/2023","262.04","252.93","262.31","252.71","25.77M","3.70%"
"05/25/2023","252.69","253.40","255.62","249.17","22.37M","1.40%"
"05/24/2023","249.21","245.28","249.59","244.95","17.72M","1.00%"
"05/23/2023","246.74","246.81","251.61","246.65","17.75M","-0.64%"
"05/22/2023","248.32","245.41","253.57","245.12","27.74M","1.09%"
"05/19/2023","245.64","247.47","248.69","243.41","21.73M","-0.49%"
"05/18/2023","246.85","241.30","247.09","241.19","22.94M","1.80%"
"05/17/2023","242.49","238.45","243.84","238.14","21.19M","1.53%"
"05/16/2023","238.82","235.79","239.63","235.52","18.16M","-0.02%"
"05/15/2023","238.86","236.92","240.26","235.33","20.65M","2.16%"
"05/12/2023","233.81","236.74","236.96","231.45","16.16M","-0.84%"
"05/11/2023","235.79","233.05","238.21","232.30","20.45M","1.16%"
"05/10/2023","233.08","236.17","236.75","230.72","19.12M","-0.12%"
"05/09/2023","233.37","231.46","235.88","231.08","16.87M","0.04%"
"05/08/2023","233.27","231.41","235.62","230.27","16.40M","0.21%"
"05/05/2023","232.78","232.24","234.68","229.85","27.00M","-0.32%"
"05/04/2023","233.52","236.06","238.20","232.93","17.89M","-1.48%"
"05/03/2023","237.03","239.47","241.75","232.75","34.46M","-0.92%"
"05/02/2023","239.24","243.18","244.92","238.99","24.35M","-1.62%"
"05/01/2023","243.18","238.62","244.00","236.46","29.14M","1.19%"
"04/28/2023","240.32","239.01","240.43","235.75","39.55M","0.74%"
"04/27/2023","238.56","239.89","241.68","236.77","71.20M","13.93%"
"04/26/2023","209.40","212.50","214.11","208.88","41.99M","0.89%"
"04/25/2023","207.55","210.82","211.26","207.13","19.20M","-2.46%"
"04/24/2023","212.79","213.68","213.92","210.71","15.75M","-0.05%"
"04/21/2023","212.89","210.21","213.41","209.58","17.72M","-0.08%"
"04/20/2023","213.07","213.48","216.75","212.77","16.48M","-1.22%"
"04/19/2023","215.70","213.47","217.33","212.93","15.90M","-1.01%"
"04/18/2023","217.89","219.91","220.44","216.21","12.28M","-0.44%"
"04/17/2023","218.86","219.79","220.98","217.13","15.48M","-1.19%"
"04/14/2023","221.49","217.88","222.11","217.55","21.59M","0.52%"
"04/13/2023","220.35","215.73","221.15","215.69","23.31M","2.97%"
"04/12/2023","214.00","214.84","216.84","212.58","18.97M","0.07%"
"04/11/2023","213.85","215.48","216.02","213.41","16.71M","-0.42%"
"04/10/2023","214.75","214.71","215.66","210.66","16.11M","-0.62%"
"04/06/2023","216.10","209.25","216.94","208.65","26.10M","2.18%"
"04/05/2023","211.48","214.15","215.19","209.94","19.40M","-1.51%"
"04/04/2023","214.72","213.39","216.24","212.54","21.03M","0.77%"
"04/03/2023","213.07","208.84","213.49","208.20","17.92M","0.53%"
"03/31/2023","211.94","207.24","212.17","206.77","25.44M","1.97%"
"03/30/2023","207.84","203.38","208.09","202.82","22.61M","1.21%"
"03/29/2023","205.35","203.56","205.72","202.54","18.85M","2.33%"
"03/28/2023","200.68","200.15","201.03","197.90","19.13M","-1.06%"
"03/27/2023","202.84","204.81","205.86","201.36","18.53M","-1.54%"
"03/24/2023","206.01","205.18","207.58","203.55","27.73M","0.85%"
"03/23/2023","204.28","202.84","207.88","202.15","27.39M","2.24%"
"03/22/2023","199.81","202.50","207.37","199.67","28.48M","-1.16%"
"03/21/2023","202.16","203.20","203.55","197.95","31.83M","2.20%"
"03/20/2023","197.81","198.48","199.36","193.64","25.19M","1.12%"
"03/17/2023","195.61","200.56","201.90","195.43","50.14M","-4.55%"
"03/16/2023","204.93","198.26","205.76","196.09","50.82M","3.63%"
"03/15/2023","197.75","192.95","197.78","190.84","42.12M","1.92%"
"03/14/2023","194.02","187.58","194.32","186.56","41.64M","7.25%"
"03/13/2023","180.90","177.96","183.78","174.82","24.73M","0.77%"
"03/10/2023","179.51","181.01","184.77","178.80","25.67M","-1.20%"
"03/09/2023","181.69","186.35","188.93","180.30","26.58M","-1.77%"
"03/08/2023","184.97","182.87","185.26","181.34","19.43M","0.25%"
"03/07/2023","184.51","189.00","190.36","184.01","36.70M","-0.21%"
"03/06/2023","184.90","188.00","189.66","184.64","33.21M","-0.19%"
"03/03/2023","185.25","178.92","186.62","177.05","45.88M","6.14%"
"03/02/2023","174.53","172.38","175.01","171.43","17.36M","0.64%"
"03/01/2023","173.42","174.59","177.85","173.05","31.00M","-0.87%"
"02/28/2023","174.94","171.90","177.55","171.87","46.05M","3.19%"
"02/27/2023","169.54","171.88","173.12","169.06","19.28M","-0.50%"
"02/24/2023","170.39","168.64","170.72","167.66","19.79M","-0.96%"
"02/23/2023","172.04","172.00","173.69","169.38","20.02M","0.54%"
"02/22/2023","171.12","171.07","172.76","169.69","22.43M","-0.56%"
"02/21/2023","172.08","174.31","178.17","171.88","34.59M","-0.46%"
"02/17/2023","172.88","170.22","173.18","169.70","24.17M","0.26%"
"02/16/2023","172.44","172.75","175.85","171.79","25.83M","-2.66%"
"02/15/2023","177.16","176.41","178.19","175.33","25.34M","-1.29%"
"02/14/2023","179.48","177.16","181.51","175.88","24.03M","0.03%"
"02/13/2023","179.43","178.21","181.00","175.82","31.46M","3.03%"
"02/10/2023","174.15","176.35","178.89","173.35","33.43M","-2.12%"
"02/09/2023","177.92","186.13","186.65","177.27","37.12M","-3.00%"
"02/08/2023","183.43","190.00","190.83","182.92","36.14M","-4.27%"
"02/07/2023","191.62","185.57","193.78","184.40","47.08M","2.99%"
"02/06/2023","186.06","186.53","190.70","185.52","42.48M","-0.25%"
"02/03/2023","186.53","183.46","196.77","182.89","76.81M","-1.19%"
"02/02/2023","188.77","183.38","197.16","180.16","150.48M","23.28%"
"02/01/2023","153.12","148.03","153.58","147.06","55.66M","2.79%"
"01/31/2023","148.97","147.95","149.88","147.52","29.84M","1.30%"
"01/30/2023","147.06","149.40","151.12","146.95","28.04M","-3.08%"
"01/27/2023","151.74","148.24","153.19","147.39","35.77M","3.01%"
"01/26/2023","147.30","144.40","147.51","143.30","25.48M","4.10%"
"01/25/2023","141.50","141.22","143.17","140.31","26.62M","-1.15%"
"01/24/2023","143.14","141.69","145.00","141.36","21.97M","-0.09%"
"01/23/2023","143.27","139.29","143.76","138.66","27.47M","2.80%"
"01/20/2023","139.37","135.89","139.94","134.61","28.69M","2.37%"
"01/19/2023","136.15","132.49","137.45","132.14","28.63M","2.35%"
"01/18/2023","133.02","135.81","137.25","132.80","20.22M","-1.73%"
"01/17/2023","135.36","136.18","136.75","134.25","21.15M","-1.18%"
"01/13/2023","136.98","134.97","137.39","134.84","22.42M","0.20%"
"01/12/2023","136.71","133.44","137.68","131.76","30.76M","2.87%"
"01/11/2023","132.89","130.96","133.85","130.34","25.42M","-0.08%"
"01/10/2023","132.99","127.27","133.44","127.15","28.68M","2.72%"
"01/09/2023","129.47","131.16","132.95","129.28","26.65M","-0.42%"
"01/06/2023","130.02","128.97","130.33","126.04","27.58M","2.43%"
"01/05/2023","126.94","126.13","128.52","124.54","25.45M","-0.34%"
"01/04/2023","127.37","127.38","129.05","125.85","32.40M","2.11%"
"01/03/2023","124.74","122.82","126.37","122.28","35.53M","3.66%"
"12/30/2022","120.34","118.16","120.42","117.74","19.58M","0.07%"
"12/29/2022","120.26","116.40","121.03","115.77","22.37M","4.01%"
"12/28/2022","115.62","116.25","118.15","115.51","19.61M","-1.08%"
"12/27/2022","116.88","117.93","118.60","116.05","21.39M","-0.98%"
"12/23/2022","118.04","116.03","118.18","115.54","17.80M","0.79%"
"12/22/2022","117.12","117.20","118.62","114.38","23.62M","-2.20%"
"12/21/2022","119.76","116.70","120.34","115.62","20.39M","2.28%"
"12/20/2022","117.09","113.26","117.33","112.46","28.74M","2.28%"
"12/19/2022","114.48","116.83","117.80","114.33","29.77M","-4.14%"
"12/16/2022","119.43","120.23","123.31","118.82","67.06M","2.82%"
"12/15/2022","116.15","118.33","118.63","114.01","34.53M","-4.47%"
"12/14/2022","121.59","119.39","124.14","119.39","36.92M","1.20%"
"12/13/2022","120.15","122.13","123.30","118.64","44.70M","4.74%"
"12/12/2022","114.71","115.18","115.72","113.14","24.75M","-1.03%"
"12/09/2022","115.90","115.30","117.54","113.87","26.03M","0.49%"
"12/08/2022","115.33","116.39","117.34","114.59","30.62M","1.23%"
"12/07/2022","113.93","113.76","115.88","112.88","29.46M","-0.17%"
"12/06/2022","114.12","119.91","120.55","113.74","43.69M","-6.79%"
"12/05/2022","122.43","121.75","124.67","121.35","35.47M","-0.86%"
"12/02/2022","123.49","117.83","124.04","117.61","39.95M","2.53%"
"12/01/2022","120.44","119.20","121.20","118.40","36.55M","1.98%"
"11/30/2022","118.10","109.50","118.16","109.38","43.35M","7.89%"
"11/29/2022","109.46","109.54","110.94","108.54","23.90M","0.63%"
"11/28/2022","108.78","110.78","112.04","108.38","23.33M","-2.36%"
"11/25/2022","111.41","111.30","112.73","111.02","12.01M","-0.74%"
"11/23/2022","112.24","111.72","112.67","110.73","21.34M","0.72%"
"11/22/2022","111.44","109.86","111.62","108.32","29.03M","1.44%"
"11/21/2022","109.86","111.52","112.37","109.19","24.35M","-1.95%"
"11/18/2022","112.05","113.80","114.32","110.62","33.36M","0.54%"
"11/17/2022","111.45","110.41","112.33","109.80","35.09M","-1.57%"
"11/16/2022","113.23","114.50","116.07","112.66","33.29M","-3.29%"
"11/15/2022","117.08","116.07","118.74","114.41","50.67M","2.50%"
"11/14/2022","114.22","110.99","116.27","110.80","53.39M","1.06%"
"11/11/2022","113.02","109.23","114.90","108.81","59.96M","1.03%"
"11/10/2022","111.87","107.12","112.75","104.61","80.67M","10.25%"
"11/09/2022","101.47","101.72","104.90","100.74","107.68M","5.18%"
"11/08/2022","96.47","95.92","97.80","94.79","52.09M","-0.26%"
"11/07/2022","96.72","94.78","96.88","93.10","81.99M","6.53%"
"11/04/2022","90.79","90.35","91.39","88.09","55.64M","2.11%"
"11/03/2022","88.91","90.08","90.46","88.41","60.66M","-1.80%"
"11/02/2022","90.54","94.21","95.20","90.48","71.82M","-4.89%"
"11/01/2022","95.20","94.33","97.49","93.55","110.19M","2.19%"
"10/31/2022","93.16","98.22","99.32","92.60","121.36M","-6.09%"
"10/28/2022","99.20","99.58","100.85","97.51","95.93M","1.29%"
"10/27/2022","97.94","97.97","102.50","96.38","232.32M","-24.56%"
"10/26/2022","129.82","131.68","135.55","128.53","89.29M","-5.59%"
"10/25/2022","137.51","130.88","138.35","130.59","38.43M","6.01%"
"10/24/2022","129.72","127.25","133.48","124.57","63.56M","-0.22%"
"10/21/2022","130.01","126.31","130.12","125.44","46.35M","-1.16%"
"10/20/2022","131.53","132.93","136.77","131.31","26.36M","-1.28%"
"10/19/2022","133.23","132.89","137.00","132.22","30.69M","0.32%"
"10/18/2022","132.80","137.09","137.84","131.40","25.44M","-0.93%"
"10/17/2022","134.04","130.30","134.79","130.18","29.61M","5.74%"
"10/14/2022","126.76","131.00","131.79","126.52","23.56M","-2.71%"
"10/13/2022","130.29","123.53","131.14","122.53","34.33M","2.19%"
"10/12/2022","127.50","128.32","129.67","126.25","34.61M","-0.81%"
"10/11/2022","128.54","131.62","132.66","126.99","38.48M","-3.92%"
"10/10/2022","133.79","133.55","136.11","131.87","24.02M","0.25%"
"10/07/2022","133.45","136.76","138.29","132.44","33.21M","-4.04%"
"10/06/2022","139.07","137.71","141.45","136.60","36.23M","0.06%"
"10/05/2022","138.98","138.24","140.21","134.78","27.98M","-0.93%"
"10/04/2022","140.28","140.49","142.39","139.34","34.67M","1.20%"
"10/03/2022","138.61","137.14","139.62","136.10","27.72M","2.16%"
"09/30/2022","135.68","136.05","140.99","135.50","33.17M","-0.54%"
"09/29/2022","136.41","139.36","139.84","135.20","38.99M","-3.67%"
"09/28/2022","141.61","134.62","142.03","134.27","32.66M","5.36%"
"09/27/2022","134.40","137.92","139.42","134.12","30.83M","-1.44%"
"09/26/2022","136.37","140.12","142.24","136.19","30.50M","-2.88%"
"09/23/2022","140.41","141.42","142.62","138.89","31.71M","-1.69%"
"09/22/2022","142.82","141.55","144.58","140.87","34.42M","0.49%"
"09/21/2022","142.12","146.39","149.60","142.00","38.34M","-2.72%"
"09/20/2022","146.09","145.77","148.84","145.22","23.22M","-1.30%"
"09/19/2022","148.02","145.24","148.58","145.10","22.17M","1.18%"
"09/16/2022","146.29","148.05","148.58","144.29","40.12M","-2.18%"
"09/15/2022","149.55","149.80","154.20","148.70","34.61M","-1.27%"
"09/14/2022","151.47","153.33","153.54","149.05","43.06M","-1.08%"
"09/13/2022","153.13","161.54","161.63","152.67","44.44M","-9.37%"
"09/12/2022","168.96","167.39","171.39","167.28","23.22M","-0.11%"
"09/09/2022","169.15","163.25","169.54","163.02","22.13M","4.37%"
"09/08/2022","162.06","158.71","162.23","157.74","22.53M","1.04%"
"09/07/2022","160.39","157.76","160.96","156.81","16.83M","1.17%"
"09/06/2022","158.54","160.10","161.69","157.69","19.34M","-1.11%"
"09/02/2022","160.32","167.45","167.93","159.22","22.63M","-3.05%"
"09/01/2022","165.36","163.58","167.36","160.35","30.15M","1.49%"
"08/31/2022","162.93","167.07","167.84","162.14","40.95M","3.67%"
"08/30/2022","157.16","160.35","161.66","155.91","19.57M","-1.26%"
"08/29/2022","159.17","160.65","163.05","159.01","20.05M","-1.61%"
"08/26/2022","161.78","168.48","170.92","161.67","24.02M","-4.15%"
"08/25/2022","168.78","165.18","168.88","164.02","15.55M","3.38%"
"08/24/2022","163.26","160.60","165.46","159.77","20.89M","1.33%"
"08/23/2022","161.11","162.48","165.05","160.70","18.11M","-1.19%"
"08/22/2022","163.05","165.49","165.49","162.26","19.50M","-2.92%"
"08/19/2022","167.96","170.20","172.32","167.05","26.24M","-3.84%"
"08/18/2022","174.66","174.34","175.76","171.86","18.84M","-0.11%"
"08/17/2022","174.85","176.76","178.14","174.17","20.12M","-2.57%"
"08/16/2022","179.47","179.44","180.99","177.04","21.16M","-0.79%"
"08/15/2022","180.89","178.96","181.44","178.20","15.88M","0.22%"
"08/12/2022","180.50","180.81","181.46","178.91","21.27M","1.70%"
"08/11/2022","177.49","179.71","183.10","176.37","24.08M","-0.48%"
"08/10/2022","178.34","175.99","180.48","173.95","30.26M","5.82%"
"08/09/2022","168.53","168.95","169.53","166.60","18.66M","-1.01%"
"08/08/2022","170.25","168.00","177.51","167.13","27.30M","1.88%"
"08/05/2022","167.11","166.99","171.61","165.80","25.83M","-2.03%"
"08/04/2022","170.57","168.29","172.15","166.80","23.94M","1.05%"
"08/03/2022","168.80","162.69","169.54","161.57","31.72M","5.37%"
"08/02/2022","160.19","158.31","162.24","158.01","27.37M","0.16%"
"08/01/2022","159.93","157.25","165.19","155.23","40.60M","0.52%"
"07/29/2022","159.10","157.69","160.14","155.17","42.07M","-1.01%"
"07/28/2022","160.72","161.06","161.51","154.85","73.21M","-5.22%"
"07/27/2022","169.58","162.59","170.87","162.02","43.85M","6.55%"
"07/26/2022","159.15","165.94","166.00","157.95","28.47M","-4.50%"
"07/25/2022","166.65","169.00","170.57","164.80","26.17M","-1.55%"
"07/22/2022","169.27","173.07","175.60","168.41","42.58M","-7.59%"
"07/21/2022","183.17","180.63","183.85","178.87","27.20M","0.04%"
"07/20/2022","183.09","177.49","183.60","176.70","24.78M","4.16%"
"07/19/2022","175.78","170.37","176.49","169.51","25.93M","5.11%"
"07/18/2022","167.23","166.75","171.68","165.64","23.57M","1.54%"
"07/15/2022","164.70","160.54","164.98","159.82","23.34M","4.21%"
"07/14/2022","158.05","161.22","162.59","157.28","23.77M","-3.33%"
"07/13/2022","163.49","160.16","164.98","159.61","16.56M","0.13%"
"07/12/2022","163.27","164.80","165.91","162.10","16.64M","0.24%"
"07/11/2022","162.88","167.07","167.49","161.91","21.91M","-4.68%"
"07/08/2022","170.88","169.98","172.40","168.15","19.25M","-0.76%"
"07/07/2022","172.19","169.45","172.72","167.78","24.08M","1.43%"
"07/06/2022","169.77","168.20","171.59","165.46","23.09M","0.94%"
"07/05/2022","168.19","158.14","168.25","157.02","28.66M","5.10%"
"07/01/2022","160.03","160.31","160.62","155.00","31.42M","-0.76%"
"06/30/2022","161.25","162.15","165.23","158.49","35.25M","-1.64%"
"06/29/2022","163.94","163.57","166.33","160.32","28.60M","2.03%"
"06/28/2022","160.68","169.90","171.30","160.61","27.79M","-5.20%"
"06/27/2022","169.49","171.32","171.75","168.01","29.17M","-0.39%"
"06/24/2022","170.16","161.73","170.25","161.30","68.74M","7.19%"
"06/23/2022","158.75","156.27","159.75","154.25","40.50M","1.86%"
"06/22/2022","155.85","158.38","160.79","155.44","47.60M","-0.76%"
"06/21/2022","157.05","165.93","167.76","155.97","50.72M","-4.09%"
"06/17/2022","163.74","161.68","165.90","159.90","31.37M","1.78%"
"06/16/2022","160.87","163.72","165.08","159.61","26.94M","-5.01%"
"06/15/2022","169.35","167.20","172.16","163.98","30.01M","3.43%"
"06/14/2022","163.73","166.03","166.75","161.36","27.24M","-0.32%"
"06/13/2022","164.26","170.59","172.57","164.03","31.75M","-6.44%"
"06/10/2022","175.57","183.04","183.10","175.02","27.48M","-4.58%"
"06/09/2022","184.00","194.28","199.45","183.68","23.50M","-6.43%"
"06/08/2022","196.64","194.67","202.03","194.41","22.27M","0.51%"
"06/07/2022","195.65","191.93","196.53","191.49","18.83M","0.72%"
"06/06/2022","194.25","193.99","196.92","188.40","30.57M","1.82%"
"06/03/2022","190.78","195.98","196.61","189.78","19.46M","-4.06%"
"06/02/2022","198.86","188.45","200.93","187.73","31.95M","5.42%"
"06/01/2022","188.64","196.51","199.53","185.00","36.62M","-2.58%"
"05/31/2022","193.64","194.88","197.60","192.01","26.13M","-0.76%"
"05/27/2022","195.13","191.36","195.33","189.80","22.56M","1.83%"
"05/26/2022","191.63","182.88","192.83","182.26","23.06M","4.24%"
"05/25/2022","183.83","180.40","185.45","179.32","28.03M","1.41%"
"05/24/2022","181.28","180.55","183.68","176.11","50.41M","-7.62%"
"05/23/2022","196.23","195.19","196.99","191.24","25.06M","1.39%"
"05/20/2022","193.54","194.97","197.91","187.87","31.47M","1.18%"
"05/19/2022","191.29","191.20","195.29","189.60","24.45M","-0.49%"
"05/18/2022","192.24","200.00","201.00","191.63","23.96M","-5.12%"
"05/17/2022","202.62","202.12","205.46","198.36","24.87M","1.29%"
"05/16/2022","200.04","197.05","205.37","195.93","27.11M","0.71%"
"05/13/2022","198.62","192.58","199.89","191.28","24.55M","3.86%"
"05/12/2022","191.24","187.05","198.05","184.78","38.26M","1.32%"
"05/11/2022","188.74","196.32","200.67","188.27","31.15M","-4.51%"
"05/10/2022","197.65","199.51","202.96","194.19","34.45M","0.73%"
"05/09/2022","196.21","199.84","202.57","195.58","36.30M","-3.71%"
"05/06/2022","203.77","207.34","209.38","201.02","34.75M","-2.17%"
"05/05/2022","208.28","218.74","220.17","206.16","41.13M","-6.77%"
"05/04/2022","223.41","210.65","224.30","206.96","41.38M","5.37%"
"05/03/2022","212.03","210.45","214.90","208.09","41.56M","0.43%"
"05/02/2022","211.13","201.16","211.88","200.99","49.92M","5.32%"
"04/29/2022","200.47","204.46","212.48","199.90","49.19M","-2.56%"
"04/28/2022","205.73","202.92","208.53","192.90","100.89M","17.59%"
"04/27/2022","174.95","174.43","181.21","169.00","71.06M","-3.32%"
"04/26/2022","180.95","186.63","187.18","179.50","31.75M","-3.23%"
"04/25/2022","186.99","182.73","187.18","181.65","29.28M","1.56%"
"04/22/2022","184.11","190.37","192.72","183.27","36.43M","-2.11%"
"04/21/2022","188.07","201.60","202.96","185.58","49.95M","-6.16%"
"04/20/2022","200.42","213.60","214.16","198.92","43.04M","-7.77%"
"04/19/2022","217.31","210.52","218.43","209.00","20.09M","3.10%"
"04/18/2022","210.77","210.00","213.38","208.30","16.58M","0.28%"
"04/14/2022","210.18","214.89","214.99","210.00","18.38M","-2.24%"
"04/13/2022","214.99","211.82","216.61","211.33","19.23M","0.40%"
"04/12/2022","214.14","220.24","222.03","213.13","20.13M","-1.07%"
"04/11/2022","216.46","218.42","220.61","215.22","20.52M","-2.64%"
"04/08/2022","222.33","222.38","225.13","220.03","18.38M","-0.28%"
"04/07/2022","222.95","223.93","225.52","218.56","21.04M","-0.16%"
"04/06/2022","223.30","226.91","228.99","221.40","29.00M","-3.68%"
"04/05/2022","231.84","234.08","236.86","231.02","29.73M","-0.88%"
"04/04/2022","233.89","225.98","234.35","225.86","28.10M","4.02%"
"04/01/2022","224.85","224.55","227.28","222.70","19.54M","1.12%"
"03/31/2022","222.36","228.45","228.49","222.26","24.19M","-2.41%"
"03/30/2022","227.85","228.91","231.15","226.71","25.59M","-0.87%"
"03/29/2022","229.86","226.07","230.89","225.29","31.42M","2.80%"
"03/28/2022","223.59","222.13","224.04","219.54","26.22M","0.80%"